{
  "source": "manual_reference_scale",
  "source_image": "base_basic_pbr_front.png",
  "output_image": "reference_scale.png",
  "known_meters": 2.05,
  "pixel_distance": 156.30273226190656,
  "pixels_per_meter": 76.24523524971052,
  "meters_per_pixel": 0.01311557367125832,
  "line": {
    "start": {
      "x": 467.9577830933989,
      "y": 417.7576324422724
    },
    "end": {
      "x": 467.9577830933989,
      "y": 574.0603647041789
    }
  },
  "source_image_size_px": {
    "width": 1482,
    "height": 596
  },
  "annotated_image_size_px": [
    1482,
    596
  ],
  "building_dimensions": {
    "method": "manual_reference_scale",
    "reference_length_m": 2.05,
    "reference_length_px": 156.30273226190656,
    "pixels_per_meter": 76.24523524971052,
    "meters_per_pixel": 0.01311557367125832,
    "front_image_size_px": [
      1482,
      596
    ],
    "right_image_size_px": [
      1453,
      596
    ],
    "front_width_m": 19.43728018080483,
    "building_length_m": 19.056928544338337
  },
  "created_at": "2026-06-30T14:26:35.752Z"
}