{
  "source": "manual_reference_scale",
  "source_image": "base_basic_pbr_front.png",
  "output_image": "reference_scale.png",
  "known_meters": 2.05,
  "pixel_distance": 163.4470242495256,
  "pixels_per_meter": 79.73025573147592,
  "meters_per_pixel": 0.012542290135979331,
  "line": {
    "start": {
      "x": 396.91059208216296,
      "y": 287.1606458170597
    },
    "end": {
      "x": 393.3582325316012,
      "y": 450.56906199458876
    }
  },
  "source_image_size_px": {
    "width": 1482,
    "height": 516
  },
  "annotated_image_size_px": [
    1482,
    516
  ],
  "building_dimensions": {
    "method": "manual_reference_scale",
    "reference_length_m": 2.05,
    "reference_length_px": 163.4470242495256,
    "pixels_per_meter": 79.73025573147592,
    "meters_per_pixel": 0.012542290135979331,
    "front_image_size_px": [
      1482,
      516
    ],
    "right_image_size_px": [
      993,
      516
    ],
    "front_width_m": 18.58767398152137,
    "building_length_m": 12.454494105027477
  },
  "created_at": "2026-07-03T20:07:47.759Z"
}